id,user_name,user_privilege,level,reply_count,up_count,down_count,client_type,comment
960690576,,,lv8,0, , ,Android客户端,不喜欢邱莹莹的那种性格😉
960635564,一叶知秋cat,,lv16,0, , ,优酷PC客户端,胡歌，就差你了
960613315,一叶知秋cat,,lv16,0, , ,优酷PC客户端,邱。。。。。。。。。。。。。。。。。。演得挺好的
960544233,腾讯用户1470389536471716,,lv3,0, , ,Android Pad客户端,邱莹莹哭的让人烦到无法不吐槽她。
960537121,,,lv9,0, , ,优酷PC客户端,邱是猪吗
960488641,,,lv4,0, , ,Android客户端,看到邱莹莹先给她两耳光
960473631,,,lv12,0, , ,iPhone客户端,关关就像绿茶婊 还没爆发
960309558,赵楚韩,,lv37,0, , ,优酷iku,赵医生都无语了
960305321,,,lv5,0, , ,优酷PC客户端,讽刺心灵鸡汤
960279681,细细果9813,,lv11,0, , ,优酷PC客户端,nmnb
960219336,樱茶竹语梦の印记有69613796,,lv16,0, , ,优酷PC客户端,邱莹莹跟所有人都吵了一遍，真流弊
960217916,樱茶竹语梦の印记有69613796,,lv16,0, , ,优酷PC客户端,邱莹莹好烦，好讨厌她，一天到晚吵死了。
959946157,阳春晓寒,,lv15,0, , ,Android客户端,不知道为啥，第一次见到赵医生，总感觉他会是安迪失散多年的弟弟……
959909067,Sdjygsgs,,lv32,0, , ,Android客户端,不许傻瓜论短长
959798039,,,lv45,0, , ,优酷PC客户端,里面的女性都好喜欢啊
959704410,____65333736,,lv37,0, , ,优酷PC客户端,我也是
959704271,____65333736,,lv37,0, , ,优酷PC客户端,我一开始也觉得邱莹莹很神经后来没那么觉得了
959631115,大橘子皮儿家的球姐,,lv7,0, , ,优酷PC客户端,简直就不知道说什么好‘’‘
959627227,腾讯用户1467564583533494,,lv10,0, , ,Android客户端,邱莹莹太那样了，狗咬吕洞宾，不识好人心。
959623723,Cherish゜26506030,,lv4,0, , ,优酷iku,邱莹莹就是智障
959623088,Cherish゜26506030,,lv4,0, , ,优酷iku,对邱莹莹也是醉了
959471729,lyf不语,,lv35,0,1, ,优酷iku,樊姐姐真是个好姐姐~！！！！
959343789,,,lv31,0, , ,iPhone客户端,讨厌邱莹莹 有病 如果是我朋友 我才不会理她
959307927,腾讯用户1468327529597116,,lv4,0, , ,优酷,邱莹莹年多最佳智障奖得主！
959293491,腾讯用户1468732384698250,,lv1,0, , ,优酷,我爱曲筱销
959214627,zebra0227,,lv33,0, , ,优酷PC客户端,人各有志，再好的剧也有人不喜欢。偶喜欢这剧，很值得看
959210829,,,lv9,0, , ,优酷PC客户端,我的天啊，邱莹莹的性格也太让人接受不了
958996847,腾讯用户1470054063568235,,lv3,0, , ,iPad客户端,邱莹莹太烦，最讨厌邱莹莹了
958986269,19楼的小帅哥,,lv29,0, , ,iPhone客户端,"<a href=""http:\/\/comments.youku.com\/star_page\/uid_UNjc2NzY=.html"" target=""_blank"">刘涛"
958950706,,,lv8,0, , ,优酷,这拍戏要导演编剧干嘛 叽里呱啦的那么多
958941398,ゝ小玛,,lv12,0, , ,优酷PC客户端,那是。。
958925375,支付宝用户1470044388474718,,lv2,0, , ,iPad客户端,弱智
958895640,,,lv44,0,1, ,优酷PC客户端,邱莹莹还老是把“我们是不是最好的朋友啊”挂在嘴边，她的个性让我好讨厌啊！！！
958893420,,,lv44,0, , ,优酷PC客户端,邱莹莹好无理取闹啊！！好讨厌啊！！！！！！
958838328,待你好37010279,,lv10,0, , ,Android客户端,不喜欢邱莹莹的性格与角色，在这个社会，适者生存，不适者淘汰，不要遇到事情就哭，哭解决不了任何事情，我们应该多听听他人给的见解，不要太过任性
958756909,-9435932602,,lv8,0,1,1,Android客户端,好怕变成邱莹莹
958730065,背後9,,lv19,0, , ,优酷PC客户端,曲筱绡这行为是违法吧
958696565,,,lv19,0,2, ,优酷iku,邱莹莹真的像个孩子
958557557,714586272,,lv23,0, , ,优酷PC客户端,看到邱莹莹就讨厌！
958404353,,,lv8,0,2, ,优酷,"<a href=""http:\/\/comments.youku.com\/star_page\/uid_UNzc2MzI4.html"" target=""_blank"">王凯"
958403393,晨笺芳,,lv8,0,1, ,优酷PC客户端,一群人围着sb转干嘛 邱莹莹脑残
958350196,优酷用户1469338197850461,,lv5,0,1, ,iPad客户端,蒜你狠😂😂😂😂
958319917,土豆用户_387639490,,lv12,0, , ,Android客户端,我怎么觉得邱莹莹这个角色，好无理取闹啊！
958230395,,,lv26,0,1, ,iPhone客户端,太讨厌
958217200,,,lv44,0, , ,Android客户端,崴脚这一段是不是来自前段时间网上特别红的那个帅哥医生，
958037272,腾讯用户1469227371411313,,lv3,0, , ,优酷PC客户端,没有小曲的家世，盲目学她的性格无异于作死！
958036152,腾讯用户1469227371411313,,lv3,0, , ,优酷PC客户端,依我看邱莹莹的真情商的是硬伤
958034554,腾讯用户1469227371411313,,lv3,0, , ,优酷PC客户端,他们俩是认识很多年的朋友
958026217,腾讯用户1469227371411313,,lv3,0, , ,优酷PC客户端,我看两集就得玩一会游戏，要不真心看不下去啊！
958025500,腾讯用户1469227371411313,,lv3,0, , ,优酷PC客户端,那是被洗脑了
958025303,腾讯用户1469227371411313,,lv3,0, , ,优酷PC客户端,主要是邱莹莹太烦人了
957727821,,,lv19,0, , ,优酷PC客户端,天呐，你们是小学生吗，看个电视剧哪来那么多话？
957407089,优酷手机用户_ie32m7wu,,lv9,0, , ,iPhone客户端,好烦邱莹莹
957353964,腾讯用户1466237234969895,,lv7,0, , ,iPad客户端,好帅的赵医生
957038451,草莓酱｡◕‿◕｡Lv80,,lv43,0, , ,Android客户端,我一同学简直是邱莹莹原型，之前还干过传销，到现在她对当初传销的保健品疗效还深信不疑，即便那玩意电视台都曝光了
956833750,,,lv7,0, , ,Android客户端,看电视从来不评论的我，终于忍不住了！
956323673,水流98503504,,lv12,0, , ,优酷iku,谁谁谁
956323433,水流98503504,,lv12,0, , ,优酷iku,喜欢一个演员一个任务是每个人的权力，为什么只能你喜欢不能别人讨厌呢。看你们说喜欢睡睡睡的时候那些讨厌的人说什么了吗，凭什么别人一讨厌就要说你凭什么讨厌有本事你去演这种话，。幼稚不幼稚
956277464,〃不想拥有太多情绪ヽ_342324322,,lv19,0, , ,优酷PC客户端,看上这个医生了，，，哈哈哈
956271259,〃不想拥有太多情绪ヽ_342324322,,lv19,0, , ,优酷PC客户端,哈哈哈
956271188,〃不想拥有太多情绪ヽ_342324322,,lv19,0, , ,优酷PC客户端,多好的姐妹了
956227456,奈菲尔塔利50029261,,lv10,0, , ,优酷PC客户端,赵医生好帅
956044817,腾讯用户1469452828961366,,lv4,0, , ,Android客户端,。。
955850484,,,lv5,0, , ,Android客户端,明家三少吧 阿诚算了 缺胡歌是因为他资历多太贵没来么还是在拍戏
955774358,雨诺qwq,,lv8,0, , ,优酷PC客户端,"<a href=""http:\/\/comments.youku.com\/star_page\/uid_UODg0MTY=.html"" target=""_blank"">杨紫"
955770949,雨诺qwq,,lv8,0, , ,优酷PC客户端,"<a href=""http:\/\/comments.youku.com\/star_page\/uid_UODg0MTY=.html"" target=""_blank"">杨紫"
955758931,对不起谢谢54329709,,lv6,0, , ,Android客户端,"<a href=""http:\/\/comments.youku.com\/star_page\/uid_UODg0MTY=.html"" target=""_blank"">杨紫"
955750802,枔Joan,,lv7,0, , ,优酷PC客户端,对的，可以体现演技，挺好的 
955307882,一个蛋黄酥,,lv26,0,1, ,优酷PC客户端,这种角色最能锻炼演技，对事业有发展！
955138337,迷こつ戀妳の羙,,lv9,0, , ,Android客户端,看着邱莹莹这个角色感觉尴尬症都犯了。
955086573,土豆用户_762548487,,lv12,0, , ,Android客户端,但邱莹莹不是你自己啊!如果你不喜欢这让样的人，那你还看什么电视剧，还交什么朋友。
955082817,威蛋蛋,,lv27,0, , ,iPhone客户端,邱是个没脑子的🐷，现在小孩子都挺有思想的，虽然不成熟但是也没那么少脑子，粘人，怪罪别人，不好好学着有用的，就会哭，没有这样的现代人还那么悲级，很让人反感，有点过了。
955051715,you虾米,,lv36,0, , ,Android客户端,善良不能拯救善良，能可拯救善良的，是能力
955041971,腾讯用户76343551,,lv18,0, , ,iPad客户端,一楼是从神经病院逃出来的
955029800,腾讯用户1469278147860342,,lv2,0, , ,优酷移动播放页,看得感觉邱莹莹好傻
955009125,腾讯用户1468297992215547,,lv7,0, , ,iPhone客户端,邱莹莹真是不是好人心，冲动愚蠢
954905926,优酷用户1468900908369478,,lv6,0, , ,iPad客户端,赵医生师师
954751565,Icecream112445851,,lv23,0, , ,iPhone客户端,讨厌姓曲的，说的自己很厉害，几个英文单词都要问别人，看上一个医生不久，就去调查别人，烦，她身边的人都被她调查过了吧
954736892,优酷用户1467948403513614,,lv4,0, , ,iPad客户端,邱莹莹有病啊
954719534,,,lv43,0, , ,iPhone客户端,我怎么那么各应那个姓邱的女的。烦死她了。跟傻子似的。二五八都听不进去。没脑子。别怪说话难听
954683289,ykapp_xdfii5cg,,lv20,0, , ,Android客户端,邱莹莹这个角色真的让人醉了 从谈恋爱人人都为她好自己不领情又哭哭啼啼回来 丢工作自己说什么也没做错？自己根本就不长脑子！真是那句话不与傻瓜论短长！
954622210,45仰望幸福的天空12362732,,lv11,0, , ,Android客户端,谭宗明和安迪在一起
954616379,晨曦24791492,,lv7,0, , ,Android客户端,不与傻瓜论短长！
954494320,崔志前,,lv34,0,1, ,优酷PC客户端,却是讨厌她
954453084,二毛15434900,,lv6,0, , ,Android客户端,女用的小蓝片是什么东西？
954333334,爱情公寓爱情公寓琦,,lv20,0, , ,优酷iku,邱莹莹就是个老太婆，唠唠叨叨的
954331757,爱情公寓爱情公寓琦,,lv20,0, , ,优酷iku,邱莹莹不识好心，安迪哪有看不起她，这个邱莹莹太讨厌了，明明自己闯下的货， 还要自怪她室友
954041857,优酷手机用户_my4o8spj,,lv14,0,1, ,优酷PC客户端,赞同，不想看她的戏份了
953748283,土豆用户_782900262,,lv3,0, , ,优酷PC客户端,是的是的
953748116,土豆用户_782900262,,lv3,0, , ,优酷PC客户端,已转发评论
953745329,土豆用户_782900262,,lv3,0, , ,优酷PC客户端,好傻 邱莹莹
953741288,姗姗60426267,,lv3,0, , ,iPhone客户端,还是喜欢关关，邱莹莹还是自私
953626706,shan-shu54906550,,lv19,0, , ,Android客户端,小美块头真大
953612042,shan-shu54906550,,lv19,0, , ,Android客户端,先不说莹莹后来变好，就她现在这个样子，唯一的优点就是没脑，偶尔挺可爱的，可她的缺点太多了，简直让人无法忍受
953611357,shan-shu54906550,,lv19,0, , ,Android客户端,疯狗一个，逮谁咬谁
953611231,shan-shu54906550,,lv19,0, , ,Android客户端,近小人远君子，谁为她好她跟谁翻脸。呵呵
953610708,shan-shu54906550,,lv19,0, , ,Android客户端,就因为为了她好告诉她那些书不太好，就逮住人不放的啰嗦，一直啰嗦，天呐
953610425,shan-shu54906550,,lv19,0, , ,Android客户端,现实中邱莹莹这种有谁会理她，安迪完全可以不理她，至于你看什么书，有没有工作都和别人无关，人家过的很好，为什么要告诉你这些书不是好书，以后谁还敢为了她好？
953609987,shan-shu54906550,,lv19,0, , ,Android客户端,呵呵，邱莹莹跟安迪介绍这些书，说如果你喜欢的话我可以介绍给你，这邱莹莹的角色还真是蠢得不下一般啊，她看不出安迪很成功很优秀很有脑吗？像安迪那种层次的需要讽刺她吗？相处这么久，不知道安迪的人品吗？而且她觉得安迪需要看这些书吗？
953289069,微信用户1469172666010640,,lv7,0, , ,Android客户端,好看
953247130,腾讯用户1467867913836441,,lv4,0, , ,iPad客户端,呵呵呵呵呵，傻啊
953245230,lypboy2015,,lv36,0, , ,优酷PC客户端,姓邱的就是个痴线儿童，真恶心。
953179526,,,lv5,0, , ,iPhone客户端,"<a href=""http:\/\/comments.youku.com\/star_page\/uid_UODg0MTY=.html"" target=""_blank"">杨紫"
952986844,橘子58618568,,lv8,0, , ,Android客户端,看前十集，觉得邱莹莹有被害妄想症吧，有病吧，一天到晚的就知道喊啊、跳啊，本身条件不佳还满身公主病。晕死😖有事没事就冲上去发疯。很不喜欢这种不现实的小女生。现实点吧。
952906242,微信用户1466378540860171,,lv6,0, , ,iPhone客户端,打从心底不喜欢邱莹莹 大学都出来一年多了 是不是该成熟点了？
952734166,腾讯用户1469010623398111,,lv1,0, , ,优酷,我莫名奇妙的笑了，因为我梦见了sissone.
952695058,微信用户1466152398663210,,lv5,0, , ,Android客户端,邱瑩瑩就一傻白，不懂事的一個
952663144,Kang73408560,,lv5,0, , ,优酷,我真的很讨厌邱莹莹 不光人蠢 演技还差
952501560,腾讯用户1468210754991429,,lv7,0, , ,iPad客户端,邱莹莹简直就是个白痴，别人好心劝他，反而狗咬吕洞宾
952285066,,,lv44,0, , ,优酷iku,这他吗医生坐诊还开刀 作者是没进过医院啊
952258357,Clsavely,,lv1,0, , ,iPhone客户端,脑子是个好东西……希望人人都有 
952231801,黄宗泽Bosco--,,lv24,0, , ,iPad客户端,邱莹莹她真的有病吧
952028224,,,lv33,0, , ,优酷PC客户端,一般人都不愿意面对自己的不堪，不愿承认自己的不足，以外界的理由来欺骗自己，一旦别人踩到自己的痛处，就会把所有的不对指向别人
951965734,WuZhangZhe,,lv20,0, , ,优酷PC客户端,或者该说是安多芬？
951965331,WuZhangZhe,,lv20,0, , ,优酷PC客户端,我在第10集看到了荷尔蒙。
951956102,WuZhangZhe,,lv20,0, , ,优酷PC客户端,樊胜美好犀利，真的，不亏多年资深HR。
951955205,WuZhangZhe,,lv20,0, , ,优酷PC客户端,安迪都没必要看得起蚯蚓，因为根本没必要看。
951954171,WuZhangZhe,,lv20,0, , ,优酷PC客户端,安迪错就错在，用自己的智商来和蚯蚓沟通了，怎么可能成功啊。
951953010,WuZhangZhe,,lv20,0, , ,优酷PC客户端,安迪自己其实有问题，她太直接了。事实上，面子上，蚯蚓都过不去。
951888339,腾讯用户1468979710975315,,lv1,0, , ,iPad客户端,我觉得赵医生后面是喜欢曲筱绡的，不赞成有人说的会喜欢关关
951887557,,,lv1,0, , ,Android客户端,不错，
951808804,비리빠빠,,lv11,0, , ,iPhone客户端,小蚯蚓不像20岁 像12岁一样
951725044,沫沫94062874,,lv4,0, , ,Android客户端,谁的青春不迷茫
951473814,,,lv51,0, , ,优酷,请喝了这碗鸡汤
951460399,优酷手机用户_tFFEy3Es,,lv10,0, , ,iPhone客户端,终于知道为什么你们讨厌莹莹了
951445205,嫣然女孩,,lv5,0, , ,Android客户端,“爱迪生说美德仅次于金钱💰”这我三年级都知道，德智体美劳，的在最前面😡
951442517,嫣然女孩,,lv5,0, , ,Android客户端,超讨厌邱莹莹，弄得我都不喜欢
951367570,乄玩挵噯情乄,,lv19,0, , ,优酷PC客户端,非常对的
951338874,土豆用户_410186923,,lv13,0, , ,优酷PC客户端,凯凯终于出来了！
951333502,土豆用户_410186923,,lv13,0, , ,优酷PC客户端,邱莹莹就像个疯子一样
951105200,zhoubairu,,lv25,0, , ,优酷PC客户端,说的很对
950894634,,,lv12,0, , ,Android客户端,邱莹莹这种没脑子的看着就头痛，真是想揍人了都
950891673,优酷用户1468656385602986,,lv7,0, , ,Android客户端,我看着看着就认为他不是天真了 他是傻缺啊！
950843991,腾讯用户1468799526736299,,lv1,0, , ,Android客户端,对对对
950701609,,,lv41,0, , ,iPad客户端,第10集安迪开车那段钢琴曲是什么名字
950631742,土豆用户_767715992,,lv7,0, , ,优酷,"<a href=""http:\/\/comments.youku.com\/star_page\/uid_UODc2Mjg=.html"" target=""_blank"">王子文"
950546137,腾讯用户1468739951686443,,lv1,0, , ,优酷PC客户端,邱莹莹太贱了，讨厌邱莹莹。
950478290,宝宝的大苹果,,lv9,0, , ,优酷,喜欢曲筱筱，有自信有头脑，看着像个小太妹的感觉，但是做起事来一本正经，欣赏她！
950473364,宝宝的大苹果,,lv9,1, , ,优酷,邱莹莹无理取闹，安迪好心劝她，她还冲安迪嚷嚷，当初别人都说那个白主管不是好人，结果呢，她自己陷进去拔不出来！现在跟安迪闹上了！神经病！真心瞧不起邱莹莹，自己的问题从来没正式过，只会自欺欺人！
950426915,腾讯用户1468419540288858,,lv6,0, , ,Android客户端,邱莹莹就是个人渣，不要脸
950352302,患有思你可好丶,,lv15,0, , ,优酷PC客户端,邱莹莹这角色就是找骂的
950189530,,,lv25,0, , ,优酷PC客户端,尼玛 实在看不下去了 这个邱莹莹实在让我看不下去了
950177091,给我一个理由忘记71018910,,lv4,0, , ,优酷PC客户端,对啊 他演的蛮好的 我蛮喜欢这个角色
950160151,,,lv34,0, , ,优酷PC客户端,真烦人
950138960,,,lv10,0, , ,iPad客户端,好喜欢
950098028,,,lv54,0, , ,Android Pad客户端,邱莹莹这种人真的很讨厌，自己蠢的就算了，别人对你真情你当假意，一有事就麻烦别人，脑子有坑吧
949981466,,,lv8,0, , ,Android客户端,讨厌莹莹
949929968,,,lv10,0, , ,Android客户端,7场
949904351,山林76687482,,lv10,0, , ,Android客户端,邱莹莹这个角色放到现实中也太不理智了，有时候真觉得是不是都没脑子做事的，好朋友的规劝确固执地以为是讽刺，谈恋爱谈得鬼迷心窍的，这种人怎么可能在大城市里活下来？
949754444,花落微凉梦清幽丶37849165,,lv3,0, , ,优酷PC客户端,邱莹莹好讨厌，不听好人劝。看不惯 好讨厌 话痨 
949752915,Elaine27648154,,lv35,0, , ,iPhone客户端,喜欢邱莹莹赞
949729291,,,lv29,0, , ,优酷PC客户端,人长太帅才是关键啊~~~~~~啊~~~~
949711788,腾讯用户1468587138511369,,lv2,0, , ,iPad客户端,邱莹莹什么学校毕业的简直就是傻子一样。真受不了
949709665,,,lv8,0, , ,iPad客户端,像邱莹莹这种人就是觉得全世界都对她不好，看不起他。
949699030,,,lv17,0, , ,Android客户端,就这B样 谁TM看的起她
949661815,,,lv12,0, , ,iPhone客户端,不与傻瓜论短长 真的很对
949602493,优酷用户146314318583367,,lv12,0, , ,iPad客户端,呃
949593271,李强来了哈哈,,lv19,0, , ,iPad客户端,简简单单不顾回复哦不要让给别人？你就不能自拔、这样才来找我吧！我想对你有所期待，
949585614,好烫的凉茶,,lv16,0,1, ,iPad客户端,已转发评论
949530101,彤彤77368526,,lv17,0, , ,iPad客户端,我觉得蚯蚓有些颠，不愧是小县城出来我们上海混的
949508860,,,lv48,0, , ,优酷,靖王
949492752,鬼鬼爱绘琉,,lv10,0, , ,Android客户端,好喜欢谭总
949492159,鬼鬼爱绘琉,,lv10,0, , ,Android客户端,邱莹莹 
949459674,月之痕谁知晓22319835,,lv22,0, , ,优酷PC客户端,曲筱绡挺有趣的
949457666,玖梦83429248,,lv16,0, , ,Android客户端,好讨厌邱莹莹
949397018,苏世达,,lv27,0, , ,iPhone客户端,邱莹莹好吃，又爱哭
949368454,MAX薇儿,,lv23,0, , ,优酷,第十集终于出现一个像样的男主角了=-=
949328418,,,lv12,0, , ,Android客户端,就是喜欢樊胜美
949326537,锅郭锅郭,,lv15,0, , ,优酷PC客户端,所以他没骂
949121260,预料之外34615342,,lv6,0, , ,优酷PC客户端,邱莹莹就是个zz
949109319,秦沐雪,,lv7,0, , ,优酷PC客户端,"<a title=""点击从此时间点开始播放"" alt=""点击从此时间点开始播放"" href=""javascript:PlayerSeekMin('17','22');window.scroll(0,0)"">17分22秒"
949049196,、Aletta,,lv20,0, , ,优酷PC客户端,邱莹莹的父母是好 但是明明她是想回家的 而且她这样的女孩感觉更适合在小城市里 为什么不让她回去试试?
948878516,林笠风,,lv21,0, , ,优酷PC客户端,不与傻瓜论短长，说得好
948784128,别脆弱别示弱别懦弱别软92198464,,lv6,0, , ,优酷PC客户端,哪个
948779423,别脆弱别示弱别懦弱别软92198464,,lv6,1, , ,优酷PC客户端,能告诉我
948775685,别脆弱别示弱别懦弱别软92198464,,lv6,0, , ,优酷PC客户端,谁是
948757363,腾讯用户1468407542282373,,lv2,0, , ,优酷PC客户端,讨厌邱莹莹
948718557,柯宇轩00313792,,lv11,0, , ,优酷PC客户端,已转发评论
948717884,canny626262,,lv17,0, , ,优酷PC客户端,邱莹莹这种下场就是活该
948640255,腾讯用户1468389397189586,,lv2,0, , ,iPhone客户端,好讨厌小蚯蚓，喜欢筱绡和关关
948616702,鬼鬼爱绘琉,,lv10,0, , ,Android客户端,我也觉得有些人对她的评价太极端了 邱莹莹确实太不成熟 不懂人情世故 但她对亲情友情的重视还是值得赞赏的
948614229,土豆用户_718195800,,lv10,0, , ,iPad客户端,嘿嘿
948384220,_105824313,,lv5,0, , ,iPhone客户端,因为你成不了这样的人 所以你也就只能这样了
948383634,_105824313,,lv5,0, , ,iPhone客户端,羡慕你什么？只知道躲在网络后去评判人家！可笑！有能耐导演怎么不选你！
948382778,_105824313,,lv5,0, , ,iPhone客户端,说出这种的话的人很少 我支持你 
948382273,_105824313,,lv5,0, , ,iPhone客户端,喜欢小蚯蚓 如果真的这么差 就不会有这一帮姐妹 许多讨厌蚯蚓的人 可能是因为年轻的时候做不到像他这样 有事就说感觉一副天不怕地不怕的样子 要是随着岁月的流逝 肯定这个人也会有很大的改变 像我们每一个人现在一样 平凡 无庸 碌碌无为 所以我觉得小蚯蚓没什么不好的
948344511,圆圆63506976,,lv7,0, , ,Android客户端,为什么都不喜欢邱莹莹 多么可爱的姑娘 我喜欢
948338705,相当毛躁_684709131,,lv2,0, , ,优酷PC客户端,邱莹莹
948326565,,,lv17,0, , ,优酷PC客户端,都是些神角色！
948257941,望春门外听故事,,lv42,0, , ,Android客户端,曲筱筱人才
948219907,冷心冷血冷温柔93474276,,lv6,0, , ,优酷PC客户端,不与傻瓜论短长
948212347,,,lv27,0, , ,优酷PC客户端,老谭有人要抢你家赵启平啦！！
948205723,師趣鐹材董嘚淛夕,,lv21,0, , ,优酷PC客户端,你厉害，呵呵，我现在27了还是不能自立
948197580,淘宝用户146825255207984,,lv2,0, , ,Android客户端,随说邱莹莹是现在许多人的影子，但我还是会质疑一下，演技略显浮夸，毕不是所有的人都那么傻好吗？太过了，哭戏太多，又不走心，让人看了很烦，显得很矫情。
948151749,jackie19831003,,lv15,0, , ,iPad客户端,神经病
948132893,,,lv33,0, , ,优酷iku,大家骂小蚯蚓，就是说明小蚯蚓演技好
948043545,非法不为,,lv24,0, , ,优酷iku,讨厌邱莹莹
947904212,MIKEBEAR_,,lv20,0, , ,iPad客户端,很喜欢安迪阿
947844909,,,lv3,0, , ,Android客户端,妈的邱莹莹有病吧智障
947844630,,,lv3,0, , ,Android客户端,我还是讨厌邱莹莹，安迪一番好意她就这样，她总是让对她好的人伤心
947808616,腾讯用户1468157800708951,,lv2,0, , ,iPhone客户端,有人吗
947761301,,,lv9,0, , ,iPhone客户端,邱莹莹 是什么鸟人
947754386,O_O77049538,,lv13,1, , ,优酷PC客户端,已转发评论
947754239,O_O77049538,,lv13,0,1, ,优酷PC客户端,已转发评论
947721372,Mirach奎宿,,lv28,0, , ,优酷PC客户端,因为邱莹莹这个角色，这个剧我都不想看了
947694238,heromanbb,,lv33,0, , ,iPad客户端,各種廣告植入
947690358,EX翎,,lv16,0, , ,iPad客户端,这根本不是什么所谓“傻白”，这根本就是不明事理。还有，你说这是美好的品质？笑话
947677974,逾期的补偿,,lv38,0, , ,优酷iku,像莹莹那么麻烦的女人，思想又那么自我，给我做女朋友都不要
947675692,Maybe21539845,,lv5,0, , ,Android客户端,话说这个东鹏特饮总是来的很是时候
947601849,珍珠s,,lv28,0, , ,Android客户端,曲筱绡太逗了
947595321,珍珠s,,lv28,0, , ,Android客户端,就是不喜欢邱莹莹，太自以为是了！
947526051,,,lv14,0, , ,优酷PC客户端,有点逗
947471438,大郭19678675,,lv15,0, , ,Android客户端,我不喜欢邱莹莹，她好烦
947456470,,,lv12,0, , ,iPhone客户端,最喜欢潇潇
947367619,土豆用户_486199433,,lv8,0, , ,优酷PC客户端,"<a href=""http:\/\/comments.youku.com\/star_page\/uid_UODg0MTY=.html"" target=""_blank"">杨紫"
947299808,优酷手机用户_mg6hdq69,,lv25,0, , ,优酷PC客户端,真心不喜欢邱莹莹，我最烦这样没脑子的女孩。
947298904,优酷手机用户_mg6hdq69,,lv25,0, , ,优酷PC客户端,邱傻子啊， 我最烦这样的女孩子一点脑子都没有。这角色真不好！
947279169,优酷用户1461756322606271,,lv9,0, , ,iPhone客户端,我同意你的意见
947235249,funxieno,,lv37,0, , ,优酷,现在这个逻辑就不对啊，怎么可能一下子打开手机就有那么多条消息嘛
947126269,两米de阳光,,lv36,0, , ,iPad客户端,哈哈
946938250,michaelhui2010,,lv32,0, , ,iPad客户端,医生是靖王吗
946909145,蘑菇头83206353,,lv11,0, , ,iPad客户端,我觉得那个姚滨对筱萧挺好的，而且很配
946812593,花果粉,,lv5,0, , ,优酷PC客户端,无理取闹
946790912,by颖98871817,,lv9,0, , ,iPad客户端,喜欢关雎尔，名字就很好听，关关雎鸠
946790149,by颖98871817,,lv9,0, , ,iPad客户端,艾艾，都是看戏人，何必入戏太深
946715936,小白心碎,,lv15,0, , ,优酷,这个莹莹的父亲 虽说是农村出身 但是比大部分做父母的有眼光和思想 真心不错
946465542,吴铭萱,,lv42,0, , ,优酷PC客户端,怎么那么搞笑
946398460,优酷用户859504248,,lv11,0, , ,iPhone客户端,邱莹莹真是的 安迪都是为她好 她还乱骂人 不喜欢她 讨厌她 还老哭 动不动就是哭 哭能解决问题吗 幼稚
946368873,Aurevoir35120917,,lv6,0, , ,iPad客户端,邱是不是傻
946270791,LieenRose75282653,,lv8,0, , ,优酷iku,不喜欢邱莹莹这个角色。简单过头就是蠢。蠢得让人嫌弃。
946256306,Ak55456416,,lv24,0, , ,优酷iku,矮油这 个 傻 逼 女人 看的闹心
946160828,恋兔君媚娘,,lv7,0, , ,iPad客户端,真受不了萧萧撒娇的样子，感觉好做
946056708,,,lv39,0, , ,iPad客户端,哈哈哈
946055848,,,lv39,0, , ,iPad客户端,对对对
946016896,微信用户1467891065155352,,lv2,0, , ,Android客户端,邱莹莹真是傻亏他还是出过门的人社会上的生活一点都不懂一点都不符合逻辑
946010439,,,lv14,0, , ,优酷,受不了像邱莹莹这样的人。
946001887,,,lv16,0, , ,优酷iku,有本事你去演
945999053,,,lv16,0, , ,优酷iku,我去才几秒钟打了那么多字
945840297,小麦霸王,,lv20,0, , ,iPad客户端,谁放屁啊，人各自有各自喜欢的人，喜欢一个人就会感觉
945838818,腾讯用户1466175846969592,,lv5,0, , ,iPad客户端,"<a href=""http:\/\/comments.youku.com\/star_page\/uid_UODg0MTY=.html"" target=""_blank"">杨紫"
945837299,小麦霸王,,lv20,0, , ,iPad客户端,邱莹莹好傻啊，之前劝她别跟白主管好，她不听，然后她果然吃亏了。这次安迪给她意见，她又不听，这孩子没救了
945626312,优酷用户1465148576713149,,lv5,0, , ,iPad客户端,太假了！应该崴的是另外一只脚
945596460,淘宝用户146712051414280,,lv6,0, , ,Android客户端,看到小曲跑去抱安迪，我笑了
945541570,苏落60739416,,lv20,0, , ,Android客户端,小王辣么小啊 叫曲筱绡曲姐 不得了了啊 这么年轻就当CFO助理哇
945480324,,,lv53,0, , ,iPad客户端,已转发评论
945480211,,,lv53,0, , ,iPad客户端,已转发评论
945480131,,,lv53,0, , ,iPad客户端,已转发评论
945479915,,,lv53,0, , ,iPad客户端,已转发评论
945325731,一剑嗜血39690964,,lv5,0, , ,Android客户端,喜欢关关，
945122727,腾讯用户1461759864293525,,lv9,1, , ,iPad客户端,因为我们心里不喜欢这样的自己
945005769,Mumu41305706,,lv7,0, , ,iPad客户端,真心觉得邱莹莹的一切都是她自己造成的。。。为什么从来不在自己身上找原因呢？阿西
944979573,妍妍85615775,,lv13,0, , ,iPad客户端,喜欢樊姐
944965536,1丝路花雨1,,lv40,0, , ,优酷PC客户端,不错
944686645,,,lv30,0, , ,Android Pad客户端,别骂了，演员上去演是让好好看的，不是让骂的
944553729,永不睡眠,,lv13,0, , ,优酷,这样的人怎配活在世上 天啊 还好我生活上没有碰到这样的人
944412495,哥是傻蛋v8自有變態ペ,,lv30,0, , ,iPad客户端,都谁呀？
944168331,途径的人,,lv6,0, , ,优酷,有丘莹莹的果断拉快进
944109937,步步高99431153,,lv19,0, , ,优酷PC客户端,找到一个适合自己的道路——
944086146,土豆用户_421417006,,lv9,0, , ,Android客户端,"<img src=""http:\/\/static.youku.com\/v1.0.157\/index\/img\/smiley\/Zoo8.gif"" alt=""强"" title=""强"" \/>"
943794864,支付宝用户46456440,,lv12,0, , ,iPhone客户端,看到邱莹莹的爸爸想到自己的爸妈，为人父母真不容易……
943716196,土豆用户_749810661,,lv4,0, , ,Android客户端,不喜欢邱莹莹，有公主病，还不识好人心，感觉讨厌他。
943636617,叹息桥的,,lv26,0, , ,iPad客户端,邱是不是傻
943503841,喜欢你是你x,,lv8,0, , ,iPhone客户端,马上出广告的提示后 按快进
943475669,优酷手机用户_b3jsj49e,,lv11,0, , ,Android客户端,超级讨厌邱莹莹，看到她我都的跳过，真她妈的恶心
943462918,,,lv6,0, , ,iPhone客户端,邱莹莹真的是烦死了！！！演的招人烦！做作！哭起来 脸绷硬 针打多了吧
943419431,腾讯用户1467703775265206,,lv1,0, , ,优酷PC客户端,呵呵，曲筱绡犯花痴拉，哈哈，演技真棒，子文么么哒
943311527,,,lv15,0, , ,Android客户端,邱莹莹有病吧
943226329,吴皇有个儿子叫世勋,,lv6,0, , ,优酷PC客户端,邱莹莹真是不知好歹
943143580,额31758476,,lv9,0, , ,优酷iku,呵呵
943143224,额31758476,,lv9,0, , ,优酷iku,你没有资格评判 看这个剧的人都是安迪粉 所以你发出评论绝对会炮轰 
943135864,ykapp_lpopbec8,,lv25,0, , ,iPad客户端,你才不要脸，导演塑照的角色是这样就是这样
942913088,,,lv16,0, , ,Android客户端,邱莹莹是23岁吗？我觉得应该是13岁。年纪不小，智力低下。
942898609,,,lv5,0, , ,Android客户端,讨厌邱莹莹，贱死了
942851394,艺霖29416231,,lv7,0, , ,Android客户端,对邱莹莹是由喜欢变讨厌，对曲筱绡是讨厌变喜欢
942717024,白衣斯发,,lv7,0, , ,优酷iku,妈的邱莹莹就是一智障
942667630,ET09855312,,lv6,0, , ,优酷PC客户端,只能说邱莹莹这个角色的设定，我自己感觉是有问题的！个人觉得安迪和樊姐是好的。很成熟的角色，我喜欢
942642177,Kamran丿,,lv17,0, , ,iPad客户端,不喜欢邱莹莹
942614417,爱谁谁i80393824,,lv25,0, , ,优酷iku,7.30真的是很晚了
942544339,瑾年之晨光搁浅,,lv13,0, , ,优酷iku,不会赵医生是安迪的弟弟，然后又跟筱筱是一对吧？
942523373,优酷用户146510859991248,,lv7,0, , ,Android客户端,邱莹莹只顾个人快乐 不顾后果 不是她们都让着她 爸妈宠着她 邱她还可能这样吗 真是看不惯他性格 有时好有时不理智 最多的是不理智 真的欠打的哦。
942500853,仰望星空2865060970,,lv23,0, , ,优酷PC客户端,讨厌邱莹莹！讨厌邱莹莹！讨厌邱莹莹！讨厌邱莹莹！讨厌邱莹莹！讨厌邱莹莹！讨厌邱莹莹！
942482081,微信用户1465201145288580,,lv5,0, , ,iPhone客户端,邱莹莹 太屌了
942451707,蔷薇泡沫67698895,,lv3,0, , ,Android客户端,喜欢邱莹莹有趣，真实
942430073,骏马秋风07125634,,lv47,0, , ,优酷PC客户端,像邱莹莹这种人现实中其实很多，非常容易相信别人，容易受到别人蛊惑
942076943,汝02637610,,lv1,1, , ,Android客户端,其实身边有很多邱莹莹这样的女孩，有时让人无奈，但也让人欣喜。很真实，喜欢
942020136,,,lv20,0, , ,iPhone客户端,明明就是邱莹莹角色人格烂
942014454,神话九天51317197,,lv24,0, , ,Android客户端,邱莹莹真有病，讨厌她，以自己为中心，典型的泼妇
942006776,微信用户1467440682073386,,lv1,0,1, ,iPhone客户端,我觉得小蚯蚓演得挺好的啊！很真实，不装。
942004903,微信用户1465699638480114,,lv3,0, , ,Android客户端,我感觉这部剧邱莹莹的戏份好多，超过主角了。不太喜欢她这个角色苦哭得没完没了，一看到她我都快进。
941917214,额31758476,,lv9,0, , ,优酷iku,水货
941898112,优酷用户790096418,,lv18,0, , ,iPad客户端,喜欢看
941894446,,,lv20,0, , ,优酷iku,....
941888699,Maria17129233,,lv14,0, , ,iPhone客户端,我看到邱莹莹傻傻的欲哭无泪啊
941857225,腾讯用户1467208546085221,,lv4,0, , ,Android客户端,讨厌邱莹莹，一哭二闹三上吊
941801558,360liulanqi2,,lv10,0, , ,iPhone客户端,好希望身边有樊姐，安迪这样的人😍😍😍
941780080,,,lv2,0, , ,Android客户端,邱莹莹是不是智障啊妈的
941774298,じveai菘灬,,lv4,0, , ,iPad客户端,演技有问题和导演应该没太大关系
941772463,じveai菘灬,,lv4,0, , ,iPad客户端,导演和
941771033,じveai菘灬,,lv4,0, , ,iPad客户端,智商是硬伤
941748935,ykapp_k68o3uv0,,lv24,0, , ,Android客户端,哈哈，曲筱硝好可爱
941741157,风的记忆に,,lv13,0, , ,优酷PC客户端,感觉邱莹莹有点脑残
941739330,黎57534771,,lv4,0, , ,Android客户端,终于明白很多入戏太深的观众讨厌邱莹莹了，不依不饶的。
941447839,南宫蓉雪,,lv15,0, , ,优酷PC客户端,小孩子，不成熟
941363873,艹有这名了,,lv19,0, , ,优酷PC客户端,...
941329437,星之昭昭不若月之曀曀,,lv11,0, , ,Android客户端,看到了许多琅琊榜的演员
941281071,,,lv5,0, , ,Android客户端,真心觉得这部剧很好。
941245642,赐子观音,,lv31,0,2, ,iPad客户端,"<a href=""http:\/\/comments.youku.com\/star_page\/uid_UODg0MTY=.html"" target=""_blank"">杨紫"
941196531,过好每一天80260356,,lv9,0,1, ,Android客户端,特别讨厌莹莹
941172679,sj信仰,,lv14,1,1, ,Android客户端,真不喜欢邱莹莹动不动就嚷你还是不是我最好的朋友了，做错了事情就应该认识到自己的错误，难道朋友就应该什么事情都无条件的不管对错的站在你这边么
941165439,腾讯用户1467449148268811,,lv4,0,1, ,Android客户端,真的不喜欢曲筱绡这种人，没教养和口直心快是两码事！
941127126,月待夜见晨丶,,lv41,0, , ,iPhone客户端,我觉得邱盈盈这个角色演的还好，但是不喜欢，演的太没脑子了，就跟一个癫子一样
941114716,曹梦涵之网,,lv17,0, , ,优酷PC客户端,放屁
941077486,一点一滴de笑,,lv8,0, , ,优酷PC客户端,已转发评论
941061594,ykapp_gru47mc2,,lv11,0,1, ,iPhone客户端,我把每个骂邱莹莹的评论都赞了一遍
940999697,辛弃疾疾疾,,lv3,0, , ,Android客户端,说优酷广告长的 你们是没看过土豆的广告
940992150,微信用户1467176031724551,,lv2,0, , ,iPhone客户端,邱颖颖好可怜，我喜欢邱颖颖，你们为什么要黑他
940919277,violinunion,,lv12,0, , ,优酷PC客户端,说的有点道理
940897992,腾讯用户146727165450488,,lv4,1, , ,iPad客户端,好多人都说不喜欢邱莹莹，是因为在如此现实的社会下，我们不愿让别人知道自己过得比别人差，不愿让家人看到自己艰辛，我们只会逞强，好不容易吃顿好的要晒一晒，好不容易有时间逛街也要晒一晒，把自己过得还好的一面给别人看，苦的一面只能心里藏。我们没有办法像邱莹莹一样，在失恋的时候像被害者一样渴求别人同情，在失望的时候依靠家人，更多的人可能更早地逼自己成熟，我很羡慕邱莹莹，在那样的年龄有那样的小性子，难过的时候可以哭，开心的时候可以笑，受伤的时候可以找人依靠，而我，却没能做到。
940897830,腾讯用户146727165450488,,lv4,1, , ,iPad客户端,不理解为什么说邱莹莹让人讨厌，
940626951,grace9603,,lv15,0,1, ,iPhone客户端,实在受不了
940563473,saybey06496131,,lv10,0, , ,iPhone客户端,曲筱筱跟大冪冪有點像
940550079,索建新123,,lv15,0,1, ,优酷PC客户端,讨厌曲潇潇
940544141,蒾夨28372985,,lv10,0,1, ,iPad客户端,邱莹莹这种女孩得多让人厌烦
940372777,优酷用户1462012363355147,,lv7,0, , ,iPhone客户端,是啊是啊
940365571,初雪----,,lv32,0, , ,iPad客户端,不喜欢邱莹莹
940365453,Morning_R_Vincy,,lv40,0, , ,优酷PC客户端,对邱莹莹，你明知道你没安迪聪明也没她有钱，那你为什么还要怪安迪比你聪明比你有钱？你没脑子被渣男骗你怪安迪比你聪明，你没脑子不好好保住你的工作你怪安迪比你有钱，你明知道关关是你最好的朋友你却怪她不扔下工作和正常社交来陪你听你诉苦，明知道她是你最好的朋友却要她和你一样不讲道理，邱莹莹你要脸吗
940333973,陪伴是最长情的告白48430806,,lv4,0, , ,Android客户端,我感觉要是安迪和老谭挺好的哈哈
940292833,土豆用户_717651881,,lv2,0, , ,优酷PC客户端,是苕么 邱莹莹
940221801,粉配灰,,lv43,0, , ,优酷,小王好无辜。。。。哈哈哈哈。。。
940215041,小猫咪咪爱吃糖,,lv17,0, , ,iPad客户端,。。。。。。。。。。。有病
940188353,腾讯用户1467164079776649,,lv4,0, , ,Android客户端,伯贤帅呆了，exo
939834471,优酷用户1466154486222232,,lv8,0, , ,iPhone客户端,小曲你胸都漏出来了
939815283,Cjy76911051,,lv4,0, , ,iPhone客户端,第九集什么问题看不到
939767343,徐餐餐,,lv12,0, , ,优酷PC客户端,已转发评论
939643239,道理65632659,,lv6,0, , ,iPad客户端,看到第十集终于广告减了
939631817,尔芸溪,,lv15,0,1, ,iPad客户端,蚯蚓和谁都能吵
939616829,,,lv42,0,3, ,优酷iku,邱莹莹好蠢啊 蠢得让我想揍她 人家是为了他好 这什么态度？
939592535,清新梦谣,,lv9,0,1, ,iPad客户端,大家不要喷邱莹莹，欢乐颂的五美每个人都有自己的特色，毕竟这也是角色设定嘛
939508361,二战老兵致敬,,lv18,1, , ,iPad客户端,感觉从邱莹莹身上看到了自己的未来
939474664,離Starノ傷77012247,,lv2,0, , ,优酷iku,我感觉我有点讨厌邱莹莹了，无理取闹，从来都让别人担心她，连比她小一岁的关关都要比她让人喜欢。相反我比较喜欢曲筱绡，把这个角色演绎的特别好。
939413399,南月无笙,,lv5,0,1, ,优酷,邱莹莹老是狗咬吕洞宾不识好人心
939411239,南月无笙,,lv5,0,1, ,优酷,邱莹莹要笑死我😂
939307523,,,lv23,0, , ,优酷PC客户端,产生影响好好找找 闺女改好后固化和韩国就不会花花湖好好好干活
939119617,腾讯用户1467220966868606,,lv1,0, , ,优酷PC客户端,不是不同情弱者，是不同情愚者。正如中国慈善缺的不是钱，是信任。
939110324,腾讯用户1467220966868606,,lv1,1,1, ,优酷PC客户端,曲演技比杨幂好
939104128,腾讯用户1467220966868606,,lv1,0, , ,优酷PC客户端,羡慕她什么？二十岁的年龄十岁的智商？
939026928,独飞航线,,lv33,0, , ,iPad客户端,蚯蚓能再傻一点吗
938957804,优酷用户1462188082813132,,lv18,0, , ,iPhone客户端,关关就知道搭顺风车 理所当然了吧
938956558,土豆用户_745453773,,lv11,0, , ,Android客户端,邱莹莹这么大的人了还像小孩似的
938947245,甜甜香橙i,,lv7,1, , ,优酷iku,感觉邱莹莹把出了两个姐妹22楼的都得罪了，不过这也证明
938927000,你就当我瞎,,lv3,0,1, ,Android客户端,看到安迪好心劝邱盈盈的时候，邱莹莹还这么说安迪，真是感觉邱莹莹太不知好歹了。
938897269,腾讯用户1467132817410339,,lv3,0, , ,Android客户端,广告超多，影响电视剧的好评
938875451,宇众不同幻辰,,lv19,0,1, ,Android客户端,邱莹莹跟个神经病似的，哭哭哭个毛。
938855867,0回首再见0,,lv12,0, , ,优酷PC客户端,邱莹莹好没出息，还自以为
938853330,阿姨-你儿子是我的了,,lv13,0, , ,优酷PC客户端,感觉邱莹莹整个人好像神经病一样，，，真的，人设太差了，角色不讨喜，演员演技也不过硬，人物性格完全不符合一个已经二十好几上过大学并且已经有一定工作经验的特征，说她小白都感觉高估了，心智还不如中学生成熟，觉得完全不贴合实际所以很难让观众有代入感，单纯为了剧情和互补，这五个姐妹需要有一个单纯活泼的人设，但是需要的不是一个心智不成熟又无理取闹惹人厌的人设，这也是为什么很多观众为什么不喜欢邱莹莹。
938847693,mob_15590049070,,lv11,0, , ,Android客户端,能看下去就是好的
938839171,ykapp_49h8gmwo,,lv14,0,1, ,iPad客户端,对啊，我也这么认为，其实小蚯蚓也挺可爱的啦
938826010,,,lv33,0, , ,iPad客户端,没错的确不喜欢邱莹莹这个角色
938794793,沐荨霏,,lv6,0, , ,优酷PC客户端,想成为关雎尔或曲筱绡
938785202,,,lv27,0, , ,Android客户端,么样
938755947,淘宝用户1465722050198617,,lv3,0, , ,Android客户端,跟小关一样有点羡慕小曲的性格，内向性格真的在哪都混不开，不过安迪说得也对，每人都有适合自己的道路
938752130,淘宝用户1465722050198617,,lv3,0, , ,Android客户端,前面邱莹莹傻还可以原谅，这回骚扰安迪真的不能忍了，人家看她被洗脑好心提醒一下，她至于发那么多信息吗，自己不如人就说别人看不起自己，是自己看不起自己吧
938691459,,,lv22,0, , ,优酷PC客户端,一般电视剧还是真人秀都会这样，一开始表现的一个人如此的。。缺心眼（邱莹莹），但慢慢随着剧情的发展人物会变得清晰起来明白起来
938691452,土豆用户_732315652,,lv9,0, , ,优酷iku,有多少人说邱莹莹的不好 那么他们就是那样的人。
938672765,甜蜜草莓恋52816764,,lv28,0, , ,iPad客户端,关雎尔看着很舒服，不做作，很清纯
938634408,土豆用户_837475540,,lv8,0, , ,Android客户端,好看
938590719,78的幸福,,lv16,0, , ,Android客户端,她就是需要个发泄的地方
938581677,桃子95876408,,lv10,0, , ,Android客户端,邱这缺心眼能考上大学，还在上海立足？开玩笑………
938540795,陈涵风,,lv13,0, , ,优酷PC客户端,为什么我感觉邱莹莹有神经病呢？哭的时候好丑啊！吃东西的时候也好丑！眼力也好差，为什么会看上白渣男！同意的点赞。
938536266,O寂寞相随O,,lv9,0, , ,优酷PC客户端,"<a href=""http:\/\/comments.youku.com\/star_page\/uid_UODg0MTY=.html"" target=""_blank"">杨紫"
938520545,ykapp_sv1v4bwe,,lv26,0, , ,iPad客户端,邱莹莹应该看医生，整天吵吵的
938492141,风凌花散,,lv34,0, , ,优酷PC客户端,的确是好花痴
938486889,脑洞打开就是合不上啊,,lv11,0, , ,优酷PC客户端,赵医生的手才是最性感的
938485049,脑洞打开就是合不上啊,,lv11,0, , ,优酷PC客户端,"<a href=""http:\/\/comments.youku.com\/star_page\/uid_UNzc2MzI4.html"" target=""_blank"">王凯"
938483176,脑洞打开就是合不上啊,,lv11,0, , ,优酷PC客户端,天涯何处无芳草，我看
938482748,脑洞打开就是合不上啊,,lv11,0, , ,优酷PC客户端,突然喜欢啥曲筱绡了
938462503,罗默默爱秦南,,lv15,0, , ,优酷PC客户端,邱莹莹好傻，哈哈，傻得莫名其妙
938375622,我的世界我主宰82852892,,lv5,0, , ,优酷PC客户端,哇哦，曲筱筱太花痴了
938374452,我的世界我主宰82852892,,lv5,0, , ,优酷PC客户端,邱莹莹太傻了，太喜欢误会别人了，也太幼稚了
938374158,我的世界我主宰82852892,,lv5,0, , ,优酷PC客户端,安迪，你太有学问了，我好喜欢你
938363413,土豆用户_395086209,,lv5,0, , ,优酷iku,好喜欢林师兄，帅帅的！
938363217,土豆用户_395086209,,lv5,0, , ,优酷iku,"<a href=""http:\/\/comments.youku.com\/star_page\/uid_UODg0MTY=.html"" target=""_blank"">杨紫"
938275354,,,lv25,0, , ,优酷,安迪和邱莹莹有什么好说的呀！他们完全是两个世界的人，严格的来说，邱莹莹是棵草，安迪是玫瑰！一个天，一个地。可怕的是邱莹莹自己有几斤几两都不知道。确实讨厌，非常讨厌！生活中如果碰到这样的人，劲量离他远点，这种人除了给你制造麻烦，其他的什么都没有。
938265907,,,lv46,0, , ,优酷,邱莹莹太幼稚
938262792,水晶雪柔,,lv6,0, , ,优酷iku,我喜欢樊胜美，关雎尔
938262160,水晶雪柔,,lv6,0, , ,优酷iku,邱莹莹脑子进水了
938097137,微信用户1466270596163587,,lv5,0, , ,iPhone客户端,看到小蚯蚓麻木地接受了爸爸的钱真的觉得好没用，哭不能解决事情。尤其，正如关关所说，人家好意帮助你提醒你，都是身边关心你的人，能不能接受一下意见呢，即使不接受也要学会尊重，最简单的为人处世道理……
938059244,腾讯用户1467042625821824,,lv2,0, , ,优酷iku,有邱莹莹 这么蠢的人我真是醉了
938021096,,,lv22,0, , ,iPhone客户端,喜欢安迪，也欣赏
937998631,,,lv16,0, , ,优酷PC客户端,傻啊好逗比的角色
937987497,腾讯用户1467030713380902,,lv5,0, , ,iPad客户端,小蚯蚓脑子里装的都是自来水吗？
937957967,腾讯用户1462793889691398,,lv6,0, , ,Android客户端,安迪真的是太热心了，心疼她
937957821,腾讯用户1462793889691398,,lv6,0, , ,Android客户端,这集看得我真的想打邱莹莹
937938807,姑娘距太远,,lv15,0, , ,优酷PC客户端,邱莹莹这个角色总是“我又失恋又失业”，这是什么心态，不用多说了吧。。。就是一个自以为是以自我为中心的人。。。当然我只是说这个角色，没有说
937881059,lingtinhuakai,,lv39,0, , ,优酷PC客户端,邱莹莹就是个二货，关关才好，姓邱的不思上进，就知道玩游戏，玩游戏有什么出息，社会没混几下就骚得要死，算什么东西。关关做事踏实，善解人意，为他人着想的多，挺好的。
937855674,往事随风81748401,,lv27,0, , ,Android客户端,大家看
937792188,优酷用户146693898459245,,lv2,0, , ,Android客户端,觉得关关很可爱，很懂事，很为别人着想，可现实中的这种人却很稀少
937664513,快乐还是忧伤08697563,,lv2,0, , ,Android客户端,花痴太多了，能不能正常一点啊
937577805,埃裡克森的劇本,,lv16,0, , ,优酷PC客户端,还什么我爸爸买的书。。。多大人了还拿爸妈的话当真理，呵呵，我没话说，这智障一样的人设恶心到我了，还有，最好的朋友就要和你一起讨厌你不喜欢的人吗？一年级小孩啊，还拉帮结派地冷暴力
937576271,埃裡克森的劇本,,lv16,0, , ,优酷PC客户端,邱莹莹后面怎么样我不知道，还没看，但是从前几集的反应来看，说句不客气的，她挺像个情绪化没文化的低能儿的
937573705,埃裡克森的劇本,,lv16,0, , ,优酷PC客户端,说的太对，这个角色的人设实在是不招人喜欢
937562742,埃裡克森的劇本,,lv16,0, , ,优酷PC客户端,唉，邱莹莹还是多读几年书再工作吧，居然能被成功学忽悠。。。
937549788,lyx雨曦,,lv10,0, , ,优酷PC客户端,我也受不了邱莹莹了
937525898,晴天娃娃30490935,,lv8,0, , ,Android客户端,大家都是大孩子还是小孩子。
937516355,晴天娃娃30490935,,lv8,0, , ,Android客户端,对。👪👫
937484462,枫宇1982,,lv30,0, , ,优酷PC客户端,狐狸精 花瓶
937471979,,,lv12,0, , ,优酷PC客户端,她只是把这个人物形象刻画的比较极端，让人们更清楚的看清社会
937471581,,,lv12,0, , ,优酷PC客户端,你们能认为邱莹莹很讨厌，说明
937469159,,,lv12,0, , ,优酷PC客户端,不能讨厌演的人，说明人家演得好
937445289,腾讯用户146692679389391,,lv2,0, , ,Android客户端,下水道那块好脑残，漏了一晚上的水，下水道还堵了，那楼下吊顶全完蛋，没有几万搞不定。这些都不说了，把人家楼下淹了，不赶紧解决，一个个都逃避责任，一个个都什么人品？
937440614,欠收拾08118212,,lv8,1, , ,Android客户端,喜欢安迪和曲筱消樊胜美
937340951,蓝色经典16139034,,lv29,0, , ,iPad客户端,邱莹莹傻到没节操了，唉，傻白甜的节操已经碎一地了
937331334,小虎04612775,,lv9,0, , ,Android客户端,看到分数高才点开看的，首先看了前五集，觉得剧情还不错，几个妹子都挺逗，有一点真TMD不能忍，就是广告，尼玛一集有三段广告，也就是四分钟又，我以为后面应该会减少，结果熬夜又看了五集，照这样算的话，看完整部电视剧，我们必须要看接近三个小时的广告，电视剧再好，这样子搞叫大家有什么心情看。尼玛，有史以来最坑的，我相信大家都不喜欢电视的广告多吧，一分钟的广告已经是极限了吧！
937296777,尼姆兹,,lv20,0, , ,优酷iku,这个曲筱筱真够贱的啊
937232594,Mr_Bubble,,lv45,0, , ,Android客户端,蚯蚓先撇开初入职场不懂人世道理，首先她的心理年龄实在太小，说不好听就是幼稚，最基本的东西脑子里都是浆糊，更别说复杂的
937230498,腾讯用户199795220220,,lv9,0, , ,Android客户端,好喜欢曲筱绡，太可爱了
937170814,,,lv53,0, , ,iPad客户端,邱盈盈好让人讨厌有病啊
937142186,腾讯用户146262639561315,,lv1,0, , ,优酷PC客户端,莹莹太不懂事了
937124846,夏了25170494,,lv8,0, , ,优酷PC客户端,邱莹莹是我见过最傻的妞了
937114450,南方D小鬼,,lv18,0, , ,优酷iku,恕我直言，你这话不就是莲花圣母吗
937112276,腾讯用户1465435714502610,,lv4,0, , ,Android客户端,我也那么觉得
937081097,邪魅21964348,,lv18,0, , ,优酷iku,终于看到男的了
937050462,改名称被抢注了,,lv14,0, , ,Android客户端,这妹子不光神经大条还脑残，易发火，连基本的分辨能力都没有。
937038042,SarahXie80095824,,lv4,0, , ,iPhone客户端,不许傻瓜论短长
937034006,开花在摩羯星座,,lv18,0, , ,优酷PC客户端,邱莹莹这姑娘已经敏感到惹人厌的地步了，抱着受害者意识觉得别人都在伤害她，情绪化总有一天得吃亏
936999963,腾讯用户1466840378025738,,lv1,0, , ,优酷PC客户端,讨厌莹莹，脆弱的装的慌
936897413,搞不懂2015,,lv28,0, , ,优酷PC客户端,我都 不知道导演编剧怎么想的，现在的大学生就是这样的白痴吗？
936874283,5js5ewh61,,lv15,0, , ,Android客户端,邱莹莹是不是傻
936776192,詯啲笑昂貴53999542,,lv24,0, , ,Android客户端,邱莹莹的这个人物彻底浮夸过头，别人说的对她好的一句不听，一辈子都沉浸在自己的思想里，我就搞不懂一个23岁的成年人，一个已经在公司工作一年多的人，怎么会如此不通情达理，如此蛮横不讲理，什么事都胡来，还什么伤她自尊了，你丫的有自尊吗？之前被那个渣男羞辱到那个地步，居然还想着如果道歉要不要原谅他，只能说，人至贱则无敌，何况还是自己作死
936709635,优酷手机用户_UhrYdVDN,,lv11,0, , ,iPhone客户端,关关
936680967,,,lv29,0, , ,优酷PC客户端,不懂不可怕，可怕的是自己不知道自己有多么的无知。
936628270,북유럽3여자,,lv19,0, , ,Android客户端,我都忘了当初我为啥子看欢乐颂就是因为赵启平
936612105,북유럽3여자,,lv19,0, , ,Android客户端,邱莹莹演得太过了 她的表情太浮夸 也确实她演得角色是有这种人这种事但是喃
936605453,优酷手机用户_N9ZSdewi,,lv9,0, , ,iPhone客户端,好讨厌
936604726,XIAO69230124,,lv20,0, , ,iPad客户端,已转发评论
936588603,461459453,,lv11,0, , ,iPhone客户端,小包总😻
936553330,,,lv29,0, , ,优酷,看到
936552887,,,lv29,0, , ,优酷,找你网速电脑的事吧。。不是优酷的问题。
936535170,优酷用户1466001086470898,,lv3,0, , ,iPhone客户端,那是电视剧 演的 你要能得到就怪了！
936482071,,,lv38,1, , ,优酷iku,这电视怎么卡 我都不知道你们怎么看的
936442150,柒晓圣,,lv26,0, , ,优酷PC客户端,开始喜欢樊姐了
936441700,嗯43958224,,lv5,0, , ,Android客户端,还是曲筱绡可爱(๑• . •๑)
936438648,嗯43958224,,lv5,0, , ,Android客户端,这个邱莹莹 真是醉了 说她傻呢还是小心眼儿 安迪就说了一本书 干嘛老是记在心上啊 她又没说你 就这样一直没完没了的纠结于此 不累呢难道😣 真心讨厌这种人 如果你身边的朋友都跟你一样喜欢计较 那你就注定孤独没朋友没知己 💔
936433486,下颌弧线美好,,lv20,0, , ,优酷iku,这个故事告诉我们，缺什么都不能缺脑子。
936339311,璦可蒐,,lv11,0, , ,Android客户端,没有会员就要等100多秒的广告吗 呵呵
936308377,微信用户1466229289980308,,lv3,0, , ,iPhone客户端,邱莹莹这个白痴！看这集真是让人讨厌
936258582,小猎豹72844071,,lv12,0, , ,Android客户端,邱莹莹咋这么傻，我好想打她！
936251395,,,lv39,0, , ,优酷,1
936221538,优酷用户1466141331104254,,lv4,0, , ,iPad客户端,关关。好棒呀。
936212679,舞极限Jessie,,lv44,0, , ,iPhone客户端,感觉小蚯蚓好像恶作剧之吻里面的女主角😂傻的真是想揍她 但有时候觉得她挺好玩儿的
936098185,拒绝欺骗76136640,,lv2,0, , ,优酷PC客户端,脑子坏掉了 无语
935900413,mnb13425894883,,lv14,0,1, ,Android客户端,邱莹莹好恶心
935846341,,,lv33,0, , ,优酷PC客户端,真心觉得邱莹莹生出来的时候没带脑子
935820485,微信用户1466595453315295,,lv3,0,1, ,Android客户端,讨厌邱莹莹
935810894,,,lv15,1, , ,iPhone客户端,曲筱绡英文说得我一身鸡皮疙瘩啊
935766905,雾会散14093840,,lv11,0, , ,iPad客户端,赞同
935739492,腾讯用户1464498630775269,,lv2,0,1, ,优酷PC客户端,你们怎么能这样骂人家邱莹莹呢 你们直接打她啊
935738417,腾讯用户1464498630775269,,lv2,0, , ,优酷PC客户端,24岁的人还喝鸡汤 真是呵呵哒啊
935731767,优酷手机用户_d7s5puhk,,lv5,0, , ,优酷,蚯蚓最好看看毛概
935731765,优酷手机用户_d7s5puhk,,lv5,0, , ,优酷,蚯蚓最好看看毛概
935731764,优酷手机用户_d7s5puhk,,lv5,0,1, ,优酷,蚯蚓最好看看毛概
935710285,天降奇缘89752360,,lv10,0, , ,优酷PC客户端,邱莹莹这样的竟然跟比尔盖茨相提并论，我也是醉了。。。。。。。
935692952,,,lv11,0, , ,Android客户端,"<a href=""http:\/\/comments.youku.com\/star_page\/uid_UNjc2NzY=.html"" target=""_blank"">刘涛"
935650999,,,lv21,0, , ,iPhone客户端,厉害厉害
935650687,,,lv21,0, , ,iPhone客户端,很客观！不像一些智障只会一味的喷人，赞一个
935552466,腾讯用户1466484552438519,,lv3,0, , ,Android客户端,喜欢樊姐的风格，喜欢筱绡的冲进！讨厌邱莹莹，不识好歹，讨厌关雎尔有些时候一根筋，喜欢安迪的乐于助人！
935466897,微博用户1465034387116840,,lv5,0, , ,优酷PC客户端,人家告诉你这样是错误的，是关心你。你看过那种大Boss告诉过你该去做什么，该去看什么书才能对以后的工作或生活有帮助吗？所以说你以为的道德其实才是自以为是，是最大恶意的曲解和丑话别人
935414043,game_6r0qjs,,lv34,0, , ,iPhone客户端,没错，我也觉得。
935413593,game_6r0qjs,,lv34,0, , ,iPhone客户端,看到好多评论讨厌邱莹莹的人都是因为太像自己，我觉得现实中很少这样的人吧。无语。
935350922,腾讯用户1465484398449132,,lv9,0, , ,Android客户端,🙋
935274672,冬己轻寒,,lv30,0, , ,优酷PC客户端,超喜欢曲筱绡
935221438,土豆用户_466351555,,lv5,0, , ,iPad客户端,邱莹莹就是嘴欠，没脑子，智障，看着就恶心
935108289,queenchenxy,,lv25,0, , ,iPad客户端,烦死了这个邱莹莹，一直逼得得讲个不停，人皆为她好她还不领情！看她讲话就烦！现在特别讨厌
935008981,土豆用户_403309649,,lv2,0, , ,Android客户端,只要有邱的全部略过，我不是质疑她本人。演得确实太过了，这角色我觉得很傻。不要说代表当今社会，大多数也比邱角色有脑子。
935000440,天木休,,lv6,0, , ,Android客户端,你们不知道邱莹莹这样的剧情是剧组需求吗？只会喷别人不好，你们厉害为什么你们不去拍电视剧！同意的点个赞
934987589,,,lv39,0,1, ,iPad客户端,邱莹莹这角色演太过了吧，感觉是智商有问题，到底是怎么上的大学？她是小学生吧，整天问别人是不是最好的朋友最好的朋友，就知道玩游戏，连是非都分不清楚，智商低就算了，情商也低，连自己干嘛都不知道，每次看到她都觉得很吵，很括噪，简直是败笔。
934971309,,,lv35,0, , ,iPhone客户端,小蚯蚓典型家教不行，不懂是非的姑娘好的不听坏的计较，像是个初中生
934901529,飞花涟翩,,lv30,0, , ,优酷PC客户端,邱莹莹他爸爸给他买的是心灵鸡汤啊？毁人不倦啊。这样的父亲，是真的疼女儿还是毁女儿呢？
934900378,飞花涟翩,,lv30,0, , ,优酷PC客户端,世界上竟然有邱莹莹这的父亲。我印象中的好父亲不是应该说孩子你在大城市吃苦，受不了就回来吧。没事儿。但是孩子却不想给父母添麻烦，所以倔强的不回去。这个邱莹莹的父亲竟然鼓励孩子留在大城市，这种苦他竟然
934861727,88280688,,lv37,0, , ,优酷PC客户端,邱莹莹的双商实在感人。。
934834381,优酷用户146475573754533,,lv5,0, , ,Android客户端,说实话，
934797709,腾讯用户1466411252433624,,lv5,0, , ,iPhone客户端,就角色而言，不喜欢邱莹莹，只是客观的发表一下感慨，与是谁扮演的无关，觉得自己在这个年龄阶段也没有过她这种唠唠叨叨说个不停和一哭二闹三上吊的处事态度，大多人应该也没有过，个人觉得她是很极端的一类人，如果日常生活中朋友如此，能和她处得来应该是她的荣幸了。
934775469,微信用户1466409571455145,,lv1,0, , ,Android客户端,特别讨厌邱莹莹，不是一般的二！
934554523,谁明浪子心67413630,,lv21,0, , ,优酷PC客户端,"<a href=""http:\/\/comments.youku.com\/star_page\/uid_UNjc2NzY=.html"" target=""_blank"">刘涛"
934468054,操翻你们没悬念,,lv19,0, , ,优酷PC客户端,邱莹莹跟前辈说话太没礼貌了
934398982,腾讯用户1466343699555587,,lv3,0, , ,优酷PC客户端,这电视真心弱爆了
934395669,腾讯用户1466343699555587,,lv3,0, , ,优酷PC客户端,邱莹莹太没用了 除了哭就是向父母要钱~
934381730,腾讯用户146634204004915,,lv9,0, , ,iPhone客户端,说的没错！其实爱情不分男女！很多女孩都说男人坏怎么的！其实都一样！男人同样也有被自己心爱的女人欺骗、被抛弃！我理解莹莹的感受！我之前有过最爱的女孩！我们经历了一年的爱情！挺浪漫！因为没钱！我将自己按揭三年的车卖掉创业！可是创业时候她离开我去上海和她好的姐妹一起！把我丢一边！每当我想她时候！发信息要么不回要么发火！所以两人一旦分开就会有很多不愉快！现在事业失败了！她也彻底离开了我！留下我独自一人在陌生的城市自己打拼！现在想想过去那么多的美好！总是很心痛！不过也面对生活！
934372625,butterfly19703,,lv8,0, , ,iPhone客户端,蠢哭了
934350751,腾讯用户1466326712644255,,lv1,0, , ,Android客户端,王同学在干什么呢？
934346139,腾讯用户1466326712644255,,lv1,0, , ,Android客户端,额！一定要头发白才是专家吗？
934344265,腾讯用户1466337246240251,,lv1,0, , ,优酷iku,尼玛，你有没有搞错，你看了还不知道，傻缺 
934339107,腾讯用户1466326712644255,,lv1,0, , ,Android客户端,喜欢安迪
934338985,腾讯用户1466326712644255,,lv1,0, , ,Android客户端,哭哭啼啼的
934338849,腾讯用户1466326712644255,,lv1,0, , ,Android客户端,不喜欢秋英英
934293732,腾讯用户1466326712644255,,lv1,0, , ,Android客户端,去消消被安迪发现了！
934282874,腾讯用户90374896732048852,,lv5,0, , ,优酷PC客户端,31；36分有亮点
934243566,Epacere,,lv9,0, , ,优酷PC客户端,那你呢？？小学生你是不是不能理解安迪说出来的话的意思别说别人估计你也好不到哪去.
934155521,鈿憙芘7,,lv11,0, , ,iPad客户端,n
934149828,淑女不是我的范i44513941,,lv24,0, , ,iPhone客户端,邱莹莹真的是奇葩
934055631,渘情似淼42311658,,lv6,0, , ,Android客户端,特别讨厌
934005269,优酷手机用户_Y5vnHzOa,,lv10,0, , ,iPhone客户端,小曲同志，你不是骨折了，你是心折了
933995712,优酷手机用户_Y5vnHzOa,,lv10,0,1, ,iPhone客户端,事实证明一定要远离邱莹莹这种人，实在是没办法理解白痴的思路，如果我能理解那我就和她一样了…这个剧里每个人都有优点和缺点，唯独邱莹莹除了煞笔这个不算优点的优点（有些人称之为单纯可爱）就再没优点，极为自私的一个人，同为好孩子，但是关关的教养和为人是邱没法比的。邱就是个不懂事又自私的傻孩子，如果20多岁还能叫孩子的话，邱太失败了还不知自省整日沉浸在自己的世界中不听劝告自以为是！！！
933991045,dashell,,lv20,0, , ,优酷PC客户端,感觉邱莹莹有点小孩子心性。
933984025,,,lv40,0, , ,iPhone客户端,本来冰雪聪明，却演天真小蚯蚓，棒棒哒
933901912,优酷用户1463568851642615,,lv10,0, , ,iPhone客户端,樊姐霸气侧漏
933797042,腾讯用户1466123147631258,,lv3,0, , ,优酷PC客户端,邱莹莹真是够了，简直智障...
933633480,指染流年zl芳,,lv23,0, , ,优酷iku,啊。。。我也想要一个像安迪这样的朋友
933613075,平野垂星,,lv10,0,1, ,iPad客户端,一个人因为傻，就可以用这一个字当作自己所有错误的理由，还自以为可爱，并且为自己开脱一切，原谅自己的一切，这种人就是分不出傻瓜和天真之间的区别，而且很难有进步有长进。不仅如此，还会拖累，辜负和对不起他身边的人。除了父母，没有人有义务教育她，一切都靠自己感悟吧。而且，自己傻还分不清好坏人，让人无语，这是多容易被洗脑，这个蚯蚓适合去做传销
933610727,平野垂星,,lv10,0, , ,iPad客户端,那个蚯蚓真是没礼貌，够够的了，好惹人讨厌，自己白痴遭罪真是活该。
933512855,这些题当年我都会,,lv16,0, , ,iPad客户端,一脸的玻尿酸演技浮夸。角色本身也幼稚自私讨厌。
933348579,忘忧川23237955,,lv3,0, , ,Android客户端,特爱樊胜美
933277154,腾讯用户61758635,,lv9,0, , ,优酷PC客户端,莫名戳中我笑点。。哈哈哈哈哈哈
933253301,腾讯用户61758635,,lv9,0, , ,优酷PC客户端,可别人有资本呀
933228279,,,lv19,0, ,2,Android客户端,最讨厌安迪这种爬到成功致高点，然后插一面成功道德旗，以自己的以为去作为衡量别人的标准。感觉给她一个莲花她就能当圣母了一样。
933162026,手机用户_377836562,,lv7,0, , ,优酷PC客户端,什么啊 受不了
933081725,下雨请戴草帽,,lv9,0, , ,iPad客户端,嗯
932860946,腾讯用户1466005032048362,,lv3,0, , ,Android客户端,讨厌邱莹莹
932799233,微信用户1466142933134975,,lv7,0, , ,iPhone客户端,觉得安迪其实是最脆弱的，她的人格其实是残缺的，虽说他出身孤儿院，缺乏亲情的关怀，但环境只是影响一个人人格的其中一个因素，并不是决定性的。有很多单亲家庭的孩子，因为残缺，所以更懂得珍惜，更懂得经营一段好的关系，如孙俪...关键在于韧性。再说安迪作为美国华尔街的CEO，不可能不懂的处理人际关系，高级人才一般都是综合性的，安迪的人物设定是否有一些欠妥呢？
932652829,靠近你就很实在,,lv14,0, , ,优酷PC客户端,已转发评论
932532153,腾讯用户1466163134480370,,lv2,0, , ,优酷,每看到邱莹莹说话的片段基本都会快进，感觉她好烦，演的有点浮夸。
932506379,腾讯用户1466130852861561,,lv5,0, , ,优酷PC客户端,喜欢欢乐颂的原因之一就是它真真实实的反应生活，却也高于生活。
932459406,叫我大红,,lv21,0, , ,iPhone客户端,讲真，如果我是邱莹莹，我听到安迪说的那些话也会有些心里不舒服的。。虽然我知道那些鸡汤很假，但是这些鸡汤确实可以减轻心里的压力，安迪其实可以用更好的方式来引导她的
931415330,哦呵呵呵呵呵呵97894652,,lv19,0, , ,iPad客户端,蚯蚓太让人反感了。
930773830,手机用户_435974976,,lv5,0,1, ,iPhone客户端,神经病
930436682,YouAreNotAlone53000850,,lv17,0,3, ,Android Pad客户端,邱莹莹就是白吃
930429843,土豆用户_364310275,,lv6,0,1, ,Android客户端,真心不喜欢邱莹莹。。没脑子。。。
930399103,尤痞,,lv10,0,2, ,iPad客户端,喜欢小美美眉
930390813,微信用户1464936212240938,,lv4,0,1, ,iPhone客户端,邱莹莹这性格在现实中就算交到朋友 那要绝交多少个啊 在现实中 在姐妹眼中 这种性格 不适合深交
930387770,微信用户1464936212240938,,lv4,0,2, ,iPhone客户端,邱莹莹在这剧到底是要得罪多少人啊 安迪和曲潇潇 还经常对关关发脾气我的天 醉了
930376551,Wendy41347413,,lv2,0,1, ,优酷PC客户端,我真的无法邱莹莹
930374943,初衷释年ゝ为你写诗,,lv9,0,1, ,Android客户端,曲妖精啊…
930374269,微信用户1464936212240938,,lv4,0,1, ,iPhone客户端,她太幼稚了 一身公主病 太会给人添麻烦 这么对人关心她 还总觉得不满足 人家对她好还好的不到位 我还是比较喜欢胜美 安迪 关关这样的性格 成熟冷静乖巧善良
930374094,初衷释年ゝ为你写诗,,lv9,0, , ,Android客户端,我看她只配吃屎…
930356736,尤痞,,lv10,0,1, ,iPad客户端,邱莹莹是个没有礼貌的人
930354311,初衷释年ゝ为你写诗,,lv9,0, , ,Android客户端,竟然拒绝安迪的帮助，邱莹莹人又不讲道理，又不懂事… 只配吃屎
930346519,Mrswang25715020,,lv19,1,1, ,iPhone客户端,她演的有点过了，代表的也是少数初入社会的人！不是所有的新人都会蠢到那个地步的！她整个人都是有问题的，工作上的事看似偶然，也是必然。你自己体会吧。
930270539,天使一个吻,,lv18,1, , ,Android客户端,感觉人和人之间差距太大了
930220232,马马_马冬帅,,lv13,1, , ,优酷PC客户端,安迪就是我女神
930205273,马马_马冬帅,,lv13,0, , ,优酷PC客户端,真的想一巴掌呼死邱莹莹
